instance,feature_1,feature_2,feature_3,feature_4,feature_5,feature_6,feature_7,feature_8,feature_9,feature_10,feature_11,feature_12,feature_13,feature_14,feature_15,feature_16,feature_17,feature_18,feature_19,feature_20,feature_21,feature_22,feature_23,feature_24,feature_25,feature_26,feature_27,feature_28,feature_29,feature_30,feature_31,feature_32,feature_33,feature_34,feature_35,feature_36,feature_37,feature_38,feature_39,feature_40,feature_41,feature_42,feature_43,feature_44,feature_45,feature_46,feature_47,feature_48,feature_49,feature_50,feature_51,feature_52,feature_53,feature_54,feature_55,feature_56,feature_57,feature_58,feature_59,feature_60,feature_61,feature_62,feature_63,feature_64,feature_65,feature_66,feature_67,feature_68,feature_69,feature_70,feature_71,feature_72,feature_73,feature_74,feature_75,feature_76,feature_77,feature_78,feature_79,feature_80,feature_81,feature_82,feature_83,feature_84,feature_85,feature_86,feature_87,feature_88,feature_89,feature_90,feature_91,feature_92,feature_93,feature_94,feature_95
instance_13,2.87904,3.27884,1.20307,0.0,0.0,0.0,2.37983,2.1133,0.326055,0.0,1.60139,2.19369,0.794302,15822.1,18311.4,226.0,232.82,7.82018,1.0,2.0,1.0,12054.0,0.0,1.21979,27687.0,39523.2,14501.8,3986.0,1904.0,6845.0,0.0,0.0,2515.0,3037.0,0.330679,0.157956,0.692674,0.0,0.0,0.208644,0.307326,0.0696864,0.0,840.0,0.0,0.0,0.0,,0.0,0.0,0.0,0.0,0.0,0.0,0.0,0.0,0.0,0.0,0.0,1.0,0.0,5.0,5.0,5.0,5.0,0.0,0.0,0.0,3.51184,2.18185,0.909409,1.09665,1.82001,2.76663,9718.0,1.1944,0.160691,0.622001,11911.0,13878.6,10309.1,27.0,226.0,226.0,0.0,2.0,0.0740741,2421.0,1438.0,9882.0,0.390508,0.819811,34704.0,21561.0,8986.78
instance_71,2.49562,3.26965,1.29065,0.0,0.0,0.0,1.10699,1.21271,0.406658,0.0,1.11116,1.97764,0.86074,4188.3,5139.36,106.0,117.609,5.2608,2.0,2.0,1.0,3428.0,0.0,1.79476,8255.0,11208.4,4424.35,667.0,1738.0,1756.0,0.0,0.0,918.0,154.0,0.194574,0.507001,0.919372,0.0,0.0,0.267795,0.0806283,0.0,0.0,0.0,0.0,0.0,0.0,,0.0,1.0,0.223261,0.000291715,-0.473728,6247.0,1142.12,6247.0,43.6846,0.0,0.0,2.0,0.0,5.0,5.0,5.0,5.0,0.0,0.0,0.0,4.47906,5.46963,4.04695,1.63963,26.1219,35.3082,1714.0,2.4107,0.207349,0.882961,2015.0,3175.82,2006.54,76.0,6247.0,6247.0,0.0,2.0,0.0526316,377.0,423.0,1910.0,0.418848,0.557176,8555.0,10447.0,7729.67
instance_14,2.99119,3.37381,1.19435,0.0,0.0,0.0,2.32199,2.07869,0.32315,0.0,1.70699,2.28246,0.775131,16957.0,19446.4,226.0,232.82,7.82018,1.0,2.0,1.0,12595.0,0.0,1.2085,28770.0,42493.2,15042.8,4337.0,1904.0,7196.0,0.0,0.0,2516.0,3226.0,0.344343,0.151171,0.690462,0.0,0.0,0.199762,0.309538,0.0666931,0.0,840.0,0.0,0.0,0.0,,0.0,0.0,0.0,0.0,0.0,0.0,0.0,0.0,0.0,0.0,0.0,1.0,0.0,5.0,5.0,5.0,5.0,0.0,0.0,0.0,3.61485,2.17242,0.912533,1.26469,1.78002,2.68539,10258.0,1.17239,0.154063,0.601875,12640.0,14576.4,10849.1,37.0,226.0,226.0,0.0,2.0,0.0540541,2610.0,1627.0,10422.0,0.406544,0.827471,37674.0,22641.0,9510.42
instance_16,3.66518,16.344,3.2144,0.0,0.0,0.0,1.43494,1.75573,1.13901,0.0,1.71685,2.49959,2.0337,327.643,544.556,65.0,133.06,15.5369,2.0,2.0,1.0,224.0,0.0,0.82963,651.0,3661.06,720.026,0.0,0.0,56.0,0.0,0.0,165.0,214.0,0.0,0.0,0.207407,0.0,0.0,0.736607,0.792593,0.0,0.0,0.0,0.0,2.0,15.0,0.133333,0.0669643,1.0,0.328867,0.00446429,-1.38694,10001.0,2.83334,10001.0,0.533938,0.0,5.0,2.0,0.0,5.0,0.0,5.0,5.0,0.0,0.0,0.0,3.04074,3529.75,1724.03,0.483894,3.43363,3.52305,144.0,1.9356,1.82734,2.05257,520.0,403.92,1360.37,16.0,70201.0,35100.5,0.0,2.0,0.25,715.0,309.0,270.0,3.79259,1.20536,821.0,953033.0,465489.0
instance_7,5.267,10.4258,1.90805,0.0,0.0,0.0,1.05231,1.26453,0.424791,63.0,2.02231,3.84464,1.70526,3951.26,5745.57,28.0,100.846,5.04232,1.0,1.0,1.0,2176.0,0.0,1.06667,6553.0,22686.5,4151.92,415.0,0.0,680.0,0.0,0.0,1557.0,1360.0,0.190717,0.0,0.333333,0.0,0.0,0.715533,0.666667,0.0,0.0,0.0,0.0,5.0,86.0,0.0581395,0.0395221,1.0,0.177995,0.000459559,-0.592791,27.0,3.20456,27.0,1.58251,0.0,0.0,2.0,0.0,5.0,5.0,5.0,5.0,0.0,0.0,0.0,5.61814,8.42549,3.50835,1.38667,1.39308,1.70469,1466.0,1.7243,2.20591,2.27169,3346.0,3469.16,4375.82,29.0,42.0,27.0,0.0,2.0,0.103448,2435.0,210.0,2040.0,1.29657,0.9375,11461.0,17188.0,7157.03
instance_95,2.8339,9.5335,3.22376,0.0,0.0,0.0,2.29389,5.13632,0.875814,0.0,1.31415,4.44301,2.26161,1117.21,2195.2,191.0,1453.25,10.7964,2.0,2.0,1.0,885.0,0.0,0.987723,2453.0,8437.15,2853.03,0.0,0.0,220.0,0.0,0.0,647.0,676.0,0.0,0.0,0.245536,0.0,0.0,0.731073,0.754464,0.0,0.0,0.0,0.0,1.0,18.0,0.0555556,0.020339,1.0,0.357257,0.00112994,-1.37238,7442110.0,447.675,7442110.0,29.7472,0.0,1.0,2.0,0.0,1.0,0.0,1.0,1.0,0.0,0.0,0.0,2.79911,16623.9,12464.0,0.468343,15.0157,19.9534,761.0,1.64999,3.09673,2.99575,951.0,1222.23,3443.88,10.0,7442110.0,7442110.0,0.0,2.0,0.333333,246.0,328.0,896.0,0.640625,1.01243,2508.0,14895000.0,11167800.0
instance_15,2.75627,3.18185,1.21657,0.0,0.0,0.0,2.11849,1.86568,0.33199,0.0,1.4762,2.09287,0.825535,10811.3,12679.5,170.0,176.409,7.40939,1.0,2.0,1.0,8497.0,0.0,1.23611,19680.0,27036.2,10337.2,2618.0,1416.0,4757.0,0.0,0.0,1894.0,2117.0,0.308109,0.166647,0.692028,0.0,0.0,0.222902,0.307972,0.0734377,0.0,624.0,0.0,0.0,0.0,,0.0,0.0,0.0,0.0,0.0,0.0,0.0,0.0,0.0,0.0,0.0,1.0,0.0,5.0,5.0,5.0,5.0,0.0,0.0,0.0,3.40704,2.19625,0.906051,0.945796,1.63497,2.50399,6758.0,1.26425,0.17195,0.650492,8247.0,9695.29,7198.67,19.0,170.0,170.0,0.0,2.0,0.105263,1661.0,940.0,6874.0,0.378382,0.808991,23420.0,15097.0,6228.2
instance_86,3.03951,3.88293,1.33339,0.0,0.0,0.0,1.23507,1.40138,0.605716,0.0,1.55262,2.14606,0.757453,47303.6,56024.6,60.0,297.252,4.9542,1.0,1.0,1.0,34679.0,0.0,1.21124,81520.0,134656.0,46240.5,7485.0,18780.0,25575.0,0.0,0.0,5558.0,3056.0,0.215837,0.541538,0.893263,0.0,0.0,0.16027,0.106737,0.00432538,0.0,150.0,0.0,2.0,6.0,0.333333,0.000173015,0.0,0.0,0.0,0.0,0.0,0.0,0.0,0.0,0.0,0.0,1.0,0.0,1.0,1.0,1.0,1.0,0.0,0.0,0.0,3.68157,2.43058,0.929637,1.86677,1.81894,2.00509,21270.0,1.68037,0.102802,0.651926,31172.0,41923.8,30081.2,121.0,101.0,50.5,0.0,2.0,0.0165289,3253.0,149.0,28631.0,0.118822,0.825601,105407.0,69590.0,26616.4
instance_93,2.80439,9.50672,3.24293,0.0,0.0,0.0,2.22102,5.20004,0.877085,0.0,1.2138,4.07505,2.40035,1359.95,2710.09,201.0,1627.78,11.1111,2.0,2.0,1.0,1094.0,0.0,0.993642,2997.0,10400.3,3547.77,0.0,0.0,300.0,0.0,0.0,779.0,801.0,0.0,0.0,0.27248,0.0,0.0,0.712066,0.72752,0.0,0.0,0.0,0.0,1.0,15.0,0.0666667,0.0137112,1.0,0.358866,0.000914077,-1.15051,8987150.0,550.013,8987150.0,32.9979,0.0,1.0,2.0,0.0,1.0,0.0,1.0,1.0,0.0,0.0,0.0,2.78656,16339.9,12250.3,0.55726,16.6378,22.1178,961.0,1.59877,2.86355,2.8766,1293.0,1473.47,4136.96,13.0,8987150.0,8987150.0,0.0,2.0,0.285714,383.0,324.0,1101.0,0.642144,1.0064,3068.0,17990200.0,13487500.0
instance_17,4.31548,20.6048,3.55816,0.0,0.0,0.0,2.82979,2.52373,1.00553,0.0,1.48299,2.30832,2.09943,1215.53,2220.05,273.0,604.538,15.9338,2.0,2.0,1.0,840.0,0.0,0.720412,2391.0,17308.0,2988.86,0.0,0.0,224.0,0.0,0.0,673.0,942.0,0.0,0.0,0.19211,0.0,0.0,0.80119,0.80789,0.0,0.0,0.0,0.0,2.0,15.0,0.133333,0.0178571,1.0,0.321655,0.00119048,-0.671313,10001.0,3.28388,10001.0,0.596436,0.0,5.0,2.0,0.0,5.0,0.0,5.0,5.0,0.0,0.0,0.0,3.10892,3045.48,1501.4,1.01047,3.82921,3.8867,592.0,1.69594,1.65362,1.86837,2768.0,1731.28,5954.84,64.0,70201.0,35100.5,0.0,2.0,0.25,3747.0,1236.0,1166.0,4.27358,1.3881,3625.0,3551030.0,1750640.0
instance_54,2.82348,6.99335,2.20169,0.0,0.0,0.0,1.71188,2.80258,0.580126,32.0,0.424993,1.77242,1.37799,2836.87,5083.12,33.0,326.71,9.90029,2.0,2.0,1.0,2521.0,0.0,1.02563,6446.0,17630.2,5550.45,126.0,63.0,1243.0,0.0,0.0,1277.0,1215.0,0.0499802,0.0249901,0.505696,0.0,0.0,0.506545,0.494304,0.0122967,0.0,31.0,0.0,0.0,0.0,,0.0,1.0,0.345322,0.000396668,-0.357847,181.0,10.5656,181.0,1.43808,0.0,0.0,3.0,5.0,0.0,0.0,5.0,5.0,0.0,5.0,0.0,2.89585,17.131,8.12991,1.82949,6.65167,7.01724,2364.0,0.399467,0.531286,0.407076,3451.0,2767.47,3389.26,37.0,1010.0,505.0,0.0,2.0,0.5,1152.0,1124.0,2458.0,0.925956,0.97501,7118.0,42108.0,19983.3
instance_79,3.11538,20.7846,6.16142,0.0,0.0,0.0,0.996641,1.27347,0.532421,0.0,1.44958,3.52699,2.71925,71.3066,188.667,20.0,164.574,10.3811,1.0,1.0,1.0,52.0,0.0,1.08333,157.0,1080.8,320.394,3.0,0.0,4.0,0.0,0.0,40.0,44.0,0.0576923,0.0,0.0833333,0.0,0.0,0.769231,0.916667,0.115385,0.0,6.0,0.0,2.0,3.0,0.666667,0.0576923,17.0,5.03704,0.326923,4.84724,987.0,1.36087,58.0588,0.334288,5.0,0.0,2.0,5.0,0.0,5.0,0.0,5.0,0.0,0.0,0.0,3.375,725.271,283.884,0.832853,1.07952,1.12378,29.0,2.34451,2.95884,3.81924,37.0,69.2522,336.507,17.0,1802.0,901.0,0.0,2.0,0.153846,70.0,59.0,48.0,2.6875,0.923077,162.0,34813.0,13626.5
instance_85,2.94712,2.95185,1.00074,0.0,0.0,0.0,0.488125,0.49928,0.0166215,0.0,1.18798,1.1902,0.000503628,48240.6,48270.6,25.0,58.0482,2.32193,1.0,1.0,1.0,32637.0,0.0,2.06825,96231.0,96339.7,32661.2,2188.0,1616.0,12840.0,0.0,0.0,27465.0,2940.0,0.0670405,0.0495144,0.813688,0.0,0.0,0.84153,0.186312,0.0,0.0,0.0,0.0,0.0,0.0,,0.0,0.0,0.0,0.0,0.0,0.0,0.0,0.0,0.0,0.0,0.0,1.0,0.0,5.0,0.0,5.0,5.0,0.0,5.0,0.0,6.09537,2.01445,0.889764,2.28677,0.103103,0.416183,14880.0,1.30511,0.0440063,0.493224,15065.0,23081.6,15880.5,153.0,5.0,5.0,0.0,2.0,0.0130719,693.0,69.0,15780.0,0.048289,0.4835,96185.0,31788.0,14040.5
instance_89,3.04299,3.89435,1.336,0.0,0.0,0.0,1.23369,1.39777,0.605912,0.0,1.5397,2.1311,0.759741,47366.4,56152.8,60.0,297.252,4.9542,1.0,1.0,1.0,34657.0,0.0,1.21043,81454.0,134967.0,46301.8,7485.0,18780.0,25575.0,0.0,0.0,5536.0,3057.0,0.215974,0.541882,0.893231,0.0,0.0,0.159737,0.106769,0.00432813,0.0,150.0,0.0,2.0,6.0,0.333333,0.000173125,0.0,0.0,0.0,0.0,0.0,0.0,0.0,0.0,0.0,0.0,1.0,0.0,1.0,1.0,1.0,1.0,0.0,0.0,0.0,3.68333,2.43493,0.942858,1.87581,1.82214,2.09739,21270.0,1.68202,0.101936,0.65314,31172.0,41894.8,30094.8,124.0,101.0,50.5,0.0,2.0,0.0165289,3254.0,107.0,28632.0,0.117386,0.826153,105461.0,69717.0,26995.9
instance_11,2.99119,3.37381,1.19435,0.0,0.0,0.0,2.32199,2.07869,0.32315,0.0,1.70699,2.28246,0.775131,16957.0,19446.4,226.0,232.82,7.82018,1.0,2.0,1.0,12595.0,0.0,1.2085,28770.0,42493.2,15042.8,4337.0,1904.0,7196.0,0.0,0.0,2516.0,3226.0,0.344343,0.151171,0.690462,0.0,0.0,0.199762,0.309538,0.0666931,0.0,840.0,0.0,0.0,0.0,,0.0,0.0,0.0,0.0,0.0,0.0,0.0,0.0,0.0,0.0,0.0,1.0,0.0,5.0,5.0,5.0,5.0,0.0,0.0,0.0,3.61485,2.17242,0.912533,1.26469,1.78002,2.68539,10258.0,1.17239,0.154063,0.601875,12640.0,14576.4,10849.1,37.0,226.0,226.0,0.0,2.0,0.0540541,2610.0,1627.0,10422.0,0.406544,0.827471,37674.0,22641.0,9510.42
instance_51,2.81409,6.9027,2.18635,0.0,0.0,0.0,1.64715,2.69967,0.579477,30.0,0.442448,1.80348,1.39047,2533.68,4517.5,31.0,306.298,9.88059,2.0,2.0,1.0,2243.0,0.0,1.02701,5742.0,15482.7,4903.97,118.0,59.0,1105.0,0.0,0.0,1137.0,1079.0,0.0526081,0.0263041,0.505952,0.0,0.0,0.50691,0.494048,0.0129291,0.0,29.0,0.0,0.0,0.0,,0.0,1.0,0.346008,0.000445831,-0.369791,136.0,7.64186,136.0,1.01182,0.0,0.0,3.0,5.0,0.0,0.0,5.0,5.0,0.0,5.0,0.0,2.89011,17.7967,8.463,1.76855,6.56429,6.90781,2096.0,0.417112,0.55347,0.420193,3055.0,2468.76,3043.05,35.0,1009.0,504.5,0.0,2.0,0.5,1020.0,994.0,2184.0,0.922161,0.973696,6312.0,38868.0,18483.2
instance_99,2.60112,5.28293,1.76094,0.0,0.0,0.0,1.23544,1.73065,0.691108,0.0,1.10187,2.7167,1.50401,852.336,1250.61,74.0,91.8696,5.49185,2.0,2.0,1.0,712.0,0.0,1.03488,1884.0,3761.45,1253.79,141.0,267.0,339.0,0.0,0.0,303.0,349.0,0.198034,0.375,0.492733,0.0,0.0,0.425562,0.507267,0.0,0.0,0.0,0.0,1.0,1.0,1.0,0.00140449,1.0,0.37149,0.00140449,-0.458822,45.0,5.32325,45.0,2.38818,0.0,0.0,2.0,0.0,5.0,5.0,5.0,5.0,0.0,0.0,0.0,2.69186,8.45349,3.5157,1.36983,1.81027,1.98548,342.0,2.60296,1.57898,2.70995,1151.0,767.62,1106.24,35.0,45.0,45.0,0.0,1.0,0.0571429,722.0,214.0,688.0,1.36047,0.966292,1852.0,5816.0,2418.8
instance_68,2.4766,13.699,5.94959,0.0,0.0,0.0,6.33433,1.27848,0.552259,0.0,0.980024,3.09631,2.3028,4909.36,14336.8,1035.0,1051.81,10.6008,1.0,2.0,1.0,4337.0,0.0,0.977462,10843.0,59412.4,25803.4,0.0,0.0,1034.0,0.0,0.0,3303.0,3403.0,0.0,0.0,0.23304,0.0,0.0,0.761586,0.76696,0.0,0.0,0.0,0.0,0.0,0.0,,0.0,1.0,0.41309,0.000230574,-0.602061,229599.0,364.785,229599.0,65.4599,0.0,5.0,2.0,0.0,5.0,0.0,5.0,5.0,0.0,0.0,0.0,2.42078,629.41,339.958,0.974835,5.55736,10.1698,3203.0,0.436668,1.90257,1.93318,5271.0,4886.75,25031.4,22.0,229599.0,229599.0,0.0,2.0,0.285714,1235.0,1035.0,4437.0,0.511607,1.02306,10741.0,2792690.0,1508390.0
instance_53,2.82348,6.99339,2.20169,0.0,0.0,0.0,1.71188,2.80266,0.580135,32.0,0.424993,1.7745,1.37799,2836.87,5083.12,33.0,326.811,9.90335,2.0,2.0,1.0,2521.0,0.0,1.02563,6446.0,17630.3,5550.46,126.0,63.0,1243.0,0.0,0.0,1277.0,1215.0,0.0499802,0.0249901,0.505696,0.0,0.0,0.506545,0.494304,0.0122967,0.0,31.0,0.0,0.0,0.0,,0.0,1.0,0.345322,0.000396668,-0.357847,192.0,11.2019,192.0,1.53392,0.0,0.0,3.0,5.0,0.0,0.0,5.0,5.0,0.0,5.0,0.0,2.89585,17.14,8.13662,1.82949,6.65085,7.01556,2364.0,0.399467,0.534068,0.405426,3451.0,2767.47,3389.36,37.0,1010.0,505.0,0.0,2.0,0.5,1152.0,1124.0,2458.0,0.925956,0.97501,7118.0,42130.0,19999.8
instance_75,2.8003,3.86133,1.34798,0.0,0.0,0.0,1.116,1.40116,0.426255,0.0,1.10398,2.06461,0.717387,1742.58,2189.3,51.0,90.7605,4.32193,2.0,2.0,1.0,1342.0,0.0,1.34874,3580.0,5181.91,1808.99,212.0,555.0,883.0,0.0,0.0,525.0,112.0,0.157973,0.413562,0.887437,0.0,0.0,0.391207,0.112563,0.0,0.0,0.0,0.0,0.0,0.0,,0.0,1.0,0.264768,0.000745156,-0.379869,1297.0,348.505,1297.0,31.4652,0.0,0.0,2.0,0.0,5.0,5.0,5.0,5.0,0.0,0.0,0.0,3.77688,3.72161,2.17729,1.93549,11.0441,18.8634,824.0,1.84104,0.40092,0.634322,1045.0,1417.04,1097.5,86.0,1297.0,1297.0,0.0,2.0,0.0348837,232.0,103.0,995.0,0.336683,0.741431,3758.0,3703.0,2166.4
instance_69,2.47967,13.8492,5.97699,0.0,0.0,0.0,2.83257,0.76073,0.552285,0.0,0.962973,2.55628,2.09552,982.147,2855.48,208.0,222.468,10.6008,1.0,2.0,1.0,861.0,0.0,0.981756,2153.0,11924.2,5146.19,0.0,0.0,207.0,0.0,0.0,654.0,670.0,0.0,0.0,0.236032,0.0,0.0,0.759582,0.763968,0.0,0.0,0.0,0.0,0.0,0.0,,0.0,1.0,0.410773,0.00116144,-0.560914,45316.0,71.7194,45316.0,27.2111,0.0,5.0,2.0,0.0,5.0,0.0,5.0,5.0,0.0,0.0,0.0,2.43444,631.852,341.188,1.05048,2.59891,4.55351,638.0,0.350063,1.78383,1.83049,1052.0,957.971,4950.67,25.0,45316.0,45316.0,0.0,2.0,1.0,240.0,208.0,877.0,0.510832,1.01858,2135.0,554134.0,299222.0
instance_62,3.16216,18.9499,6.60754,0.0,0.0,0.0,1.61002,1.15943,0.0647728,0.0,0.534488,0.534488,0.179256,44.9069,145.552,32.0,131.891,7.32001,2.0,13.3164,4.12159,37.0,0.0,0.755102,112.0,701.148,244.479,0.0,0.0,0.0,0.0,0.0,34.0,49.0,0.0,0.0,0.0,0.0,0.0,0.918919,1.0,0.0,0.0,0.0,0.0,2.0,3.0,0.666667,0.0810811,1.0,0.418803,0.027027,-1.04976,1001.0,11.4574,1001.0,6.54589,0.0,0.0,2.0,0.0,5.0,0.0,5.0,5.0,0.0,5.0,0.0,2.38776,87.3673,45.0435,0.553646,1.59755,3.08982,4.0,2.1758,1.04328,2.28778,64.0,49.9674,248.389,5.0,1001.0,1001.0,0.0,3.0,3.0,120.0,70.0,49.0,3.87755,1.32432,117.0,4281.0,2207.13
instance_28,5.59763,10.4205,2.21837,0.0,0.0,0.0,2.78946,2.02309,0.771102,0.0,1.89972,3.33892,1.732,1568.11,2363.15,92.0,318.646,7.94251,1.0,1.0,1.0,1014.0,0.0,1.10458,3010.0,10566.4,2249.43,296.0,121.0,583.0,0.0,0.0,475.0,335.0,0.291913,0.119329,0.635076,0.0,0.0,0.468442,0.364924,0.0,0.0,0.0,0.0,1.0,2.0,0.5,0.00197239,4.0,0.646934,0.00394477,-0.230855,236.0,21.215,59.0,4.97799,0.0,0.0,2.0,0.0,5.0,0.0,5.0,5.0,0.0,5.0,0.0,6.18301,11.1242,2.03681,1.52938,4.06089,4.5308,758.0,1.70171,0.892915,1.37173,857.0,1547.86,1223.85,41.0,246.0,123.0,0.0,1.0,0.0645161,320.0,471.0,918.0,0.861656,0.905325,5676.0,10212.0,1869.79
instance_19,4.17455,15.9588,2.85884,0.0,0.0,0.0,2.64614,2.47142,1.12005,0.0,1.22882,2.06966,1.79348,1324.36,2187.72,277.0,401.426,16.7236,2.0,2.0,1.0,951.0,0.0,0.747642,2666.0,15176.8,2718.76,0.0,0.0,252.0,0.0,0.0,691.0,1020.0,0.0,0.0,0.198113,0.0,0.0,0.726604,0.801887,0.0,0.0,0.0,0.0,2.0,29.0,0.0689655,0.0304942,1.0,0.320403,0.00105152,-1.05277,10001.0,3.19602,10001.0,0.410132,0.0,5.0,2.0,0.0,5.0,0.0,5.0,5.0,0.0,0.0,0.0,3.12107,3129.21,1525.69,0.645534,5.35441,5.48993,654.0,1.72745,1.607,1.70761,3357.0,1936.16,5162.58,36.0,141001.0,70500.5,0.0,2.0,0.25,4281.0,1181.0,1272.0,4.29403,1.33754,3970.0,3980350.0,1940680.0
instance_42,4.13267,19.7907,3.35485,0.0,0.0,0.0,1.11432,2.00204,0.826173,0.0,1.761,2.22793,1.35766,1859.25,3138.55,49.0,588.017,12.0004,2.0,2.0,1.0,1108.0,0.0,1.97857,2681.0,21928.1,3717.17,78.0,425.0,311.0,0.0,0.0,341.0,249.0,0.0703971,0.383574,0.555357,0.0,0.0,0.307762,0.444643,0.0,0.0,0.0,0.0,1.0,264.0,0.00378788,0.238267,1.0,0.122297,0.000902527,-1.21516,11701.0,15.0771,11701.0,6.61266,0.0,0.0,2.0,0.0,5.0,5.0,5.0,5.0,0.0,0.0,0.0,8.17679,776.079,74.4285,0.722293,2.12881,6.85176,317.0,2.82678,0.706948,1.58106,1261.0,1462.51,1705.55,45.0,11701.0,11701.0,0.0,2.0,0.0444444,880.0,793.0,560.0,2.9875,0.505415,4579.0,434604.0,41680.0
instance_46,,,,,,,,,,,,,,,,,,,,,,,,,,,,,,,,,,,,,,,,,,,,,,,,,,,,,,,,,,,,,,,,,,,,,,,,,,,,,,,,,,,,,,,,,,,,,,,
instance_48,,,,,,,,,,,,,,,,,,,,,,,,,,,,,,,,,,,,,,,,,,,,,,,,,,,,,,,,,,,,,,,,,,,,,,,,,,,,,,,,,,,,,,,,,,,,,,,
instance_32,2.84052,6.60212,2.51199,0.0,0.0,0.0,0.764866,0.907869,0.606708,13.0,1.35743,3.03073,1.78463,303.941,566.049,12.0,55.2309,9.34873,2.0,2.0,1.0,232.0,0.0,1.04977,660.0,1531.69,582.783,46.0,12.0,178.0,0.0,0.0,172.0,43.0,0.198276,0.0517241,0.80543,0.0,0.0,0.741379,0.19457,0.0,0.0,0.0,0.0,1.0,2.0,0.5,0.00862069,1.0,0.335357,0.00431034,-0.569137,652.0,24.3358,652.0,7.34619,0.0,5.0,2.0,0.0,5.0,0.0,5.0,5.0,0.0,0.0,0.0,2.9819,26.7919,14.5776,1.16781,3.17658,3.89189,207.0,0.788973,1.13574,0.94526,219.0,271.997,437.547,24.0,652.0,652.0,0.0,2.0,0.285714,24.0,210.0,221.0,1.05882,0.952586,659.0,5921.0,3221.65
instance_66,2.48797,13.8647,5.95117,0.0,0.0,0.0,4.32977,0.978131,0.555177,0.0,0.910232,2.34457,2.06627,2230.8,6460.53,478.0,502.714,10.6008,1.0,2.0,1.0,1953.0,0.0,0.988861,4883.0,27077.7,11622.6,0.0,0.0,477.0,0.0,0.0,1476.0,1498.0,0.0,0.0,0.241519,0.0,0.0,0.75576,0.758481,0.0,0.0,0.0,0.0,0.0,0.0,,0.0,1.0,0.406462,0.000512033,-0.443566,55058400.0,1934.62,55058400.0,44.4297,0.0,5.0,2.0,0.0,5.0,0.0,5.0,5.0,0.0,0.0,0.0,2.46025,28459.5,28168.2,1.33811,43.521,43.9713,1454.0,0.241222,1.6691,1.64997,2408.0,2120.59,11086.6,36.0,55058400.0,55058400.0,0.0,2.0,1.0,522.0,478.0,1975.0,0.506329,1.01126,4859.0,56207500.0,55632200.0
instance_1,2.77155,9.40247,3.40378,0.0,0.0,0.0,1.77122,0.854076,0.649459,0.0,1.02863,3.05464,1.57516,298.103,609.242,77.0,82.2668,6.32193,2.0,2.0,1.0,232.0,0.0,0.753247,620.0,2181.37,789.676,0.0,0.0,76.0,0.0,0.0,156.0,232.0,0.0,0.0,0.246753,0.0,0.0,0.672414,0.753247,0.0,0.0,0.0,0.0,0.0,0.0,,0.0,1.0,0.479005,0.00431034,-1.2969,77.0,2.22351,77.0,1.12439,5.0,0.0,3.0,5.0,0.0,5.0,0.0,5.0,0.0,0.0,0.0,2.08766,34.6299,16.8124,0.401723,1.08816,1.10816,180.0,1.69256,1.78693,2.29008,308.0,288.858,1005.99,6.0,80.0,77.0,0.0,2.0,0.666667,177.0,78.0,308.0,0.827922,1.32759,643.0,10666.0,5178.23
instance_3,2.78182,10.0799,3.65225,0.0,0.0,0.0,1.88092,0.838245,0.6359,0.0,1.02796,3.42943,1.79914,355.351,750.758,89.0,94.4757,6.53916,2.0,2.0,1.0,275.0,0.0,0.757576,737.0,2771.99,1004.37,0.0,0.0,88.0,0.0,0.0,187.0,275.0,0.0,0.0,0.242424,0.0,0.0,0.68,0.757576,0.0,0.0,0.0,0.0,0.0,0.0,,0.0,1.0,0.47451,0.00363636,-1.34852,89.0,2.13163,89.0,1.0728,5.0,0.0,3.0,5.0,0.0,5.0,0.0,5.0,0.0,0.0,0.0,2.10744,41.7521,19.8518,0.389678,1.05484,1.07807,211.0,1.68971,1.98962,2.51008,363.0,346.253,1259.52,6.0,93.0,89.0,0.0,2.0,0.666667,201.0,90.0,363.0,0.801653,1.32,765.0,15156.0,7206.22
instance_63,2.78947,17.8368,6.61503,0.0,0.0,0.0,1.33078,1.26808,0.0567495,0.0,0.380891,0.380891,0.127419,65.8704,221.052,26.0,173.113,7.02588,2.0,13.3164,3.82911,57.0,0.0,1.11765,172.0,1016.7,377.057,0.0,0.0,0.0,0.0,0.0,54.0,51.0,0.0,0.0,0.0,0.0,0.0,0.947368,1.0,0.0,0.0,0.0,0.0,2.0,3.0,0.666667,0.0526316,1.0,0.320755,0.0175439,-1.51767,1001.0,9.70736,1001.0,6.80384,0.0,0.0,2.0,0.0,5.0,0.0,5.0,5.0,0.0,5.0,0.0,3.11765,103.118,45.7193,0.447558,1.27977,2.97139,8.0,2.34733,0.761105,2.43614,84.0,74.1553,297.612,6.0,1001.0,1001.0,0.0,2.0,2.0,126.0,96.0,51.0,4.35294,0.894737,159.0,5259.0,2331.68
instance_49,,,,,,,,,,,,,,,,,,,,,,,,,,,,,,,,,,,,,,,,,,,,,,,,,,,,,,,,,,,,,,,,,,,,,,,,,,,,,,,,,,,,,,,,,,,,,,,
instance_39,2.45125,14.6133,6.05387,0.0,0.0,0.0,2.22332,1.98856,0.133018,0.0,0.398112,2.89522,0.629819,381.157,1303.69,102.0,536.245,6.37504,1.0,2.0,1.0,359.0,0.0,1.29137,1087.0,5246.16,2173.34,6.0,0.0,12.0,0.0,0.0,349.0,266.0,0.0167131,0.0,0.0431655,0.0,0.0,0.972145,0.956835,0.0,0.0,0.0,0.0,1.0,4.0,0.25,0.0111421,1.0,0.315909,0.00278552,-0.937131,9605.0,97.0766,9605.0,16.6256,0.0,1.0,2.0,0.0,1.0,0.0,1.0,1.0,0.0,0.0,0.0,3.16547,98.9424,60.1444,0.729984,5.77884,9.53827,115.0,1.2912,3.21421,3.79576,265.0,390.304,1593.75,14.0,9605.0,9605.0,0.0,2.0,1.0,112.0,122.0,278.0,0.841727,0.774373,880.0,27506.0,16720.1
